Circuit,Samples,Drivers,Laps,X_Mode_Rate,Mean_Speed,Mean_Throttle
Suzuka,63673,2,89,0.1473623042733969,218.1694413980018,62.52169860624127
